"Subreddit Names","Positivity Factor"
"gonewild",2.23072023809524
"itookapicture",1.82941666666667
"depression",1.03567857142857
"anime",0.999071428571428
"learnprogramming",0.973690476190476
"gaming",0.868363095238095
"WritingPrompts",0.779041666666667
"movies",0.77064880952381
"sports",0.754607142857143
"mylittlepony",0.683125
"europe",0.602327380952381
"aww",0.368053571428571
"wholesomememes",0.358684523809524
"disneyvacation",0.303880952380952
"GetMotivated",0.27122619047619
"nostalgia",0.259982142857143
"ATBGE",0.242857142857143
"Fitness",0.23322619047619
"nosleep",0.18989880952381
"Music",0.109053571428571
"math",0.0765654761904762
"NintendoSwitch",0.019077380952381
"smashbros",-0.0358392857142857
"mildlyinteresting",-0.0530238095238095
"Minecraft",-0.0897678571428571
"FortNiteBR",-0.0916488095238095
"IAmA",-0.116595238095238
"KerbalSpaceProgram",-0.202619047619048
"PewdiepieSubmissions",-0.221470238095238
"Android",-0.225666666666667
"polandball",-0.229619047619048
"furry_irl",-0.28389880952381
"apple",-0.292982142857143
"2meirl4meirl",-0.293434523809524
"interestingasfuck",-0.300160714285714
"dankmemes",-0.30675
"Showerthoughts",-0.342208333333333
"hmmm",-0.444363095238095
"dankchristianmemes",-0.452
"Drugs",-0.516190476190476
"tifu",-0.535517857142857
"spacex",-0.542934523809524
"TalesFromRetail",-0.565613095238095
"Bitcoin",-0.651321428571429
"WTF",-0.68697619047619
"pcmasterrace",-0.704244047619048
"outside",-0.726142857142857
"talesfromtechsupport",-0.727059523809524
"netflix",-0.763863095238095
"nottheonion",-0.809291666666667
"news",-0.853869047619048
"worldnews",-0.951952380952381
"4chan",-0.992583333333333
"mildlyinfuriating",-1.06072619047619
"Drama",-1.50432142857143
